track_id,track_name,track_artist,track_popularity,track_album_name,track_album_release_date,playlist_name,duration_ms
6f807x0ima9a1j3VPbc7VN,I Don't Care (with Justin Bieber) - Loud Luxury Remix,Ed Sheeran,66,I Don't Care (with Justin Bieber) [Loud Luxury Remix],2019-06-14,Pop Remix,54
0r7CVbZTWZgbTCYdfa2P31,Memories - Dillon Francis Remix,Maroon 5,67,Memories (Dillon Francis Remix),2019-12-13,Pop Remix,00
1z1Hg7Vb0AhHDiEmnDE79l,All the Time - Don Diablo Remix,Zara Larsson,70,All the Time (Don Diablo Remix),2019-07-05,Pop Remix,16
75FpbthrwQmzHlBJLuGdC7,Call You Mine - Keanu Silva Remix,The Chainsmokers,60,Call You Mine - The Remixes,2019-07-19,Pop Remix,93
1e8PAfcKUYoKkxPhrHqw4x,Someone You Loved - Future Humans Remix,Lewis Capaldi,69,Someone You Loved (Future Humans Remix),2019-03-05,Pop Remix,52
7fvUMiyapMsRRxr07cU8Ef,Beautiful People (feat. Khalid) - Jack Wins Remix,Ed Sheeran,67,Beautiful People (feat. Khalid) [Jack Wins Remix],2019-07-11,Pop Remix,49
2OAylPUDDfwRGfe0lYqlCQ,Never Really Over - R3HAB Remix,Katy Perry,62,Never Really Over (R3HAB Remix),2019-07-26,Pop Remix,75
6b1RNvAcJjQH73eZO4BLAB,Post Malone (feat. RANI) - GATTÜSO Remix,Sam Feldt,69,Post Malone (feat. RANI) [GATTÜSO Remix],2019-08-29,Pop Remix,19
7bF6tCO3gFb8INrEDcjNT5,Tough Love - Tiësto Remix / Radio Edit,Avicii,68,Tough Love (Tiësto Remix),2019-06-14,Pop Remix,87
1IXGILkPm0tOCNeq00kCPa,If I Can't Have You - Gryffin Remix,Shawn Mendes,67,If I Can't Have You (Gryffin Remix),2019-06-20,Pop Remix,40
3eFJI470ALf1EYjywPRsJy,Cross Me (feat. Chance the Rapper & PnB Rock) - M-22 Remix,Ed Sheeran,58,Cross Me (feat. Chance the Rapper & PnB Rock) [M-22 Remix],2019-06-21,Pop Remix,94
3iJeF2izF1QcpCgUc97BLl,Hate Me - R3HAB Remix,Ellie Goulding,67,Hate Me (R3HAB Remix),2019-08-16,Pop Remix,33
6e0CvGZf7CouOpYF8toXHC,Body On My,Loud Luxury,67,Body On My,2019-03-29,Pop Remix,07
3eLdNmnRWr9gIyBcqTSSti,SOS - Laidback Luke Tribute Remix / Radio Edit,Avicii,68,SOS (Laidback Luke Tribute Remix),2019-05-17,Pop Remix,16
55nMnifaQWKe3f9cbwOXwx,Summer Days (feat. Macklemore & Patrick Stump of Fall Out Boy) - Tiësto Remix,Martin Garrix,63,Summer Days (feat. Macklemore & Patrick Stump of Fall Out Boy) [Remixes],2019-07-12,Pop Remix,38
1EJgymgJHcjSOGSHcYaxvW,South of the Border (feat. Camila Cabello & Cardi B) - Andy Jarvis Remix,Ed Sheeran,66,South of the Border (feat. Camila Cabello & Cardi B) [Andy Jarvis Remix],2019-12-11,Pop Remix,30
5WaXMQMlQpq8pwIdaFP43L,All My Friends - Eden Prince Remix,AJ Mitchell,60,All My Friends (Eden Prince Remix),2019-05-03,Pop Remix,48
3TjLsDgL0bTbSQIF6M5Ki8,Say My Name (feat. Bebe Rexha & J Balvin) - Lucas & Steve Remix,David Guetta,65,Say My Name (feat. Bebe Rexha & J Balvin) [Lucas & Steve Remix],2018-12-28,Pop Remix,75
0GfS3y8Jd7SHWd9R51s7Fo,Dancing With A Stranger (With Normani) - Cheat Codes Remix,Sam Smith,69,Dancing With A Stranger (With Normani) [Cheat Codes Remix],2019-03-08,Pop Remix,04
2v3DuCVBbopteJqdM7aKQK,Let It Be Me - Sondr Remix,Steve Aoki,35,Let It Be Me (Remixes),2019-10-18,Pop Remix,66
4QAUGy6k7c3IOAhgWz52r7,Heaven - David Guetta & MORTEN Remix,Avicii,70,Heaven (David Guetta & MORTEN Remix),2019-08-23,Pop Remix,38
3Ciaf6WgvG95TGRGxQ1yO8,All Around The World (La La La) - Marnik Remix,R3HAB,64,All Around The World (La La La) [Marnik Remix],2019-08-23,Pop Remix,67
1mC2UjWt25Oixtqu7C6suL,Don't Leave Me Alone (feat. Anne-Marie) - EDX's Indian Summer Remix,David Guetta,62,Don't Leave Me Alone (feat. Anne-Marie) [EDX's Indian Summer Remix],2019-05-08,Pop Remix,68
2wenGTypSYHXl1sN1pNC7X,Slow Dance (feat. Ava Max) - Sam Feldt Remix,AJ Mitchell,70,Slow Dance (feat. Ava Max) [Sam Feldt Remix],2019-10-25,Pop Remix,48
4sqABRRGU7CzcHXCyxUzFw,Do You Mean (feat. Ty Dolla $ign & bülow) - Myon Remix,The Chainsmokers,58,Do You Mean - The Remixes (feat. Ty Dolla $ign & bülow),2019-05-24,Pop Remix,93
5dy3WUywjZcalTno1io8TQ,Hold Me While You Wait - Steve Void Remix,Lewis Capaldi,63,Hold Me While You Wait (Steve Void Remix),2019-06-21,Pop Remix,00
2M9GeaCQXrV12J0wzBxIwi,One Thing Right - Firebeatz Remix,Marshmello,66,One Thing Right (Remixes),2019-08-09,Pop Remix,81
1zzOMDmkRZy0g9f4JTAZKn,Close To Me (with Diplo) (feat. Swae Lee) - CID Remix,Ellie Goulding,8,Close To Me (Remixes),2019-02-01,Pop Remix,00
4OFFY6L5ywYM1TwhXX69wQ,So Am I - Toby Green Remix,Ava Max,62,So Am I (Toby Green Remix),2019-05-23,Pop Remix,75
1hr5Y2i4NlE3LPvQZ9Q5Ao,When You Leave - Breathe Carolina Remix,Nikki Vianna,30,When You Leave (Breathe Carolina Remix),2019-04-19,Pop Remix,80
1aT7vltGhkjyMI3F3aO3A4,Mother - Fedde Le Grand Remix,Charlie Puth,56,Mother (Fedde Le Grand Remix),2019-11-01,Pop Remix,25
4YaU1EjXIkdRdkOI4cCZys,Signs - Eden Prince Remix,Starley,56,Signs (Eden Prince Remix),2018-11-30,Pop Remix,00
0Fc9QSMX6fgEBgDjUax7t7,Ruin My Life - Steve James Remix,Zara Larsson,58,Ruin My Life (Remixes),2018-11-23,Pop Remix,97
7AasLZ4TYgh7dbJXZxcZVE,Torn - KREAM Remix,Ava Max,60,Torn (KREAM Remix),2019-09-05,Pop Remix,35
7p4jpmyBnOpqQ3rSGJzZ7w,Quite Miss Home - Steve Void Remix,James Arthur,60,Quite Miss Home (Steve Void Remix),2019-11-22,Pop Remix,13
4sLtguRBis05qfsBgJ1IdN,Love Me Less (feat. Quinn XCII) - Party Pupils Remix,MAX,55,Love Me Less (Remixes),2019-06-21,Pop Remix,73
508lUjbGcPrL0CfvHC7UvI,Happier - Matt Medved Remix,Marshmello,59,Happier (Remixes Pt. 2),2018-11-30,Pop Remix,64
7FDaS1k08rwMoAThmzUkOZ,Side Effects - Fedde Le Grand Remix,The Chainsmokers,63,Side Effects - Remixes,2018-07-25,Pop Remix,60
6m8SIT10j41SPpPFOknTmP,Good Things Fall Apart (with Jon Bellion) [Tiësto's Big Room Remix],ILLENIUM,67,Good Things Fall Apart (with Jon Bellion) [Tiësto's Big Room Remix],2019-07-12,Pop Remix,85
5Vwgf4MVO0vLv8fbxaGGiW,Paradise - Bazzi vs. Black Caviar Remix,Bazzi vs.,55,Paradise (Bazzi vs. Black Caviar Remix),2019-06-27,Pop Remix,15
5scxjvcdozadBoRRN0UMaM,White Mercedes - EDX's Miami Sunset Remix,Charli XCX,56,White Mercedes (EDX's Miami Sunset Remix),2019-10-25,Pop Remix,44
6oJ6le65B3SEqPwMRNXWjY,Higher Love,Kygo,87,Higher Love,2019-06-28,Pop Remix,67
2tilX6FUl0IwFgiOYjuc6V,Unlove You,Armin van Buuren,62,Unlove You,2019-10-18,Pop Remix,60
3yNZ5r3LKfdmjoS3gkhUCT,bad guy (with Justin Bieber),Billie Eilish,83,bad guy (with Justin Bieber),2019-07-11,Pop Remix,40
478QYNLw6dhTTx4oEkhBeq,Freaking Me Out - Keanu Silva Remix,Ava Max,55,Freaking Me Out (Keanu Silva Remix),2019-11-01,Pop Remix,66
3C4fzUgIP3ahkhOBdP38GM,Heaven Can Wait - The Aston Shuffle Remix,Sia,61,Heaven Can Wait (The Aston Shuffle Remix),2019-05-24,Pop Remix,73
2k4c9ZAlIYHyXiJ4i20FO7,When It Comes To You - Benny Benassi & BB Team Remix,Sean Paul,56,When It Comes To You (Remixes),2019-10-25,Pop Remix,73
79zGYOcAe2VmJsyQiJX31a,Gone - The Wild Remix,Charli XCX,57,Gone (The Wild Remix),2019-08-09,Pop Remix,61
6B2NRQjtSOtqi67d72r5cx,American Boy - Brooks Remix,Estelle,56,American Boy (Brooks Remix),2019-06-14,Pop Remix,25
08rBIlTMXlF5uEHobZglxv,Million Pieces - M-22 Remix,Bastille,53,Million Pieces (M-22 Remix),2019-09-27,Pop Remix,37
1BmdqDrBU5eohtRwHBls6C,joy. (R3HAB Remix),for KING & COUNTRY,56,joy. (R3HAB Remix),2019-01-25,Pop Remix,00
5rxKInBVj0QE87KenyDiLf,Crash Into Me - Settle Down Steavis Aoki Remix,Steve Aoki,34,Crash Into Me (Settle Down Steavis Aoki Remix),2019-11-12,Pop Remix,19
3kgKVcBpBGuSeaEC0AZGlb,Old Town Road - Diplo Remix,Lil Nas X,74,Old Town Road (Diplo Remix),2019-04-29,Pop Remix,27
5qCrT9lVmIGxqB8i6bb83P,Lovers + Strangers - GATTÜSO Remix,Starley,46,Lovers + Strangers (GATTÜSO Remix),2019-11-15,Pop Remix,68
3Lv3frZVXU7Q0JEFvLIzWW,Promises (with Sam Smith) - David Guetta Remix,Calvin Harris,63,Promises (with Sam Smith) [Remixes],2018-10-19,Pop Remix,17
2bZYJvVRN5EqIvAUFhUNls,Flames (with ZAYN) - R3HAB & Skytech VIP Remix,R3HAB,55,Flames (with ZAYN) (R3HAB & Skytech VIP Remix),2019-12-12,Pop Remix,86
3utdq3dPLVD4r7Vv9BnCAI,What Am I - SONDR Remix,Why Don't We,52,What Am I (SONDR Remix),2019-11-01,Pop Remix,61
1ppOGANOzMT01Cxh9jx4hN,Cool Kids,Olympis,67,Cool Kids,2019-11-01,Pop Remix,48
5Shjuje8PRcX7ueEVajrLH,Loco Contigo (with J. Balvin & Tyga) - Cedric Gervais Remix,DJ Snake,63,Loco Contigo (with J. Balvin & Tyga) [Cedric Gervais Remix],2019-08-09,Pop Remix,00
6wKJjrWWP4qpzYbE8oQkc4,All Star - Breathe Carolina Remix,Smash Mouth,60,All Star (Breathe Carolina Remix),2019-08-23,Pop Remix,43
6EDH26ppl7R8oV4tGilCkS,Trampoline - Dave Audé Remix,SHAED,45,Melt (Deluxe),2019-12-27,Pop Remix,76
4RaN7556EogBfF80klMEX2,Stay (Don't Go Away) [feat. Raye] - Mark Knight Remix,David Guetta,58,Stay (Don't Go Away) [feat. Raye] [Mark Knight Remix],2019-07-11,Pop Remix,40
1nwoWaqzB30bD4IPqRNuex,With You - Dexter Remix,Kaskade,51,With You - The Remixes,2019-09-12,Pop Remix,13
4fDBElPGDqZQ3rJorZTm2w,Safety (feat. DJ Snake) - Dark Heart 2am Mix,GASHI,58,Safety (The Dark Heart Remixes) (feat. DJ Snake),2019-11-15,Pop Remix,00
6AZ21kPj2a0INgf3uCviVu,Beautiful (feat. Camila Cabello) - Bazzi vs. EDX's Ibiza Sunrise Remix,Bazzi vs.,56,Beautiful (feat. Camila Cabello) [Bazzi vs. EDX's Ibiza Sunrise Remix],2018-09-28,Pop Remix,69
3uXHSf9sSIpOJWuC1H8DiU,Talk - Disclosure VIP,Khalid,60,Talk (Disclosure VIP),2019-03-27,Pop Remix,29
4Q9iBGT9b9CVTtDwsgQWnl,Spicy - Majestic Remix,Herve Pagez,48,Spicy (with Diplo & Charli XCX) [Remixes],2019-10-11,Pop Remix,61
6LCsZ8ARrIq0n9nr6gM2ru,Don't Leave Me Lonely (feat. Yebba) - Claptone Remix,Mark Ronson,56,Don't Leave Me Lonely (feat. Yebba) [Claptone Remix],2019-10-04,Pop Remix,14
27F9FlipD657qYRQT3qxFm,Treehouse - R3HAB Remix,James Arthur,56,Treehouse (R3HAB Remix),2019-09-13,Pop Remix,53
6B9cqNooxIyPfr3P5EB8LA,Hearts Ain't Gonna Lie - Eden Prince Remix,Arlissa,65,"Hearts Ain't Gonna Lie (Remixes, Pt. 1)",2018-02-09,Pop Remix,51
05CwHjIk71RXVU40boRMnR,Call You Mine,The Chainsmokers,39,World War Joy,2019-05-31,Dance Pop,53
0qc4QlcCxVTGyShurEv1UU,Post Malone (feat. RANI),Sam Feldt,83,Magnets EP,2019-05-24,Dance Pop,44
5icOoE6VgqFKohjWWNp0Ac,Here With Me,Marshmello,83,Here With Me,2019-03-08,Dance Pop,47
6GIRtKNXokeu25nn7U6Hu8,Easier - Seeb Remix,5 Seconds of Summer,71,Easier (Seeb Remix),2019-07-12,Dance Pop,67
4PkIDTPGedm0enzdvilLNd,Sixteen,Ellie Goulding,81,Sixteen,2019-04-12,Dance Pop,72
5PYQUBXc7NYeI1obMKSJK0,Never Really Over,Katy Perry,85,Never Really Over,2019-05-31,Dance Pop,23
4Gcv5SsxnQWpmOnUI19EJk,All You Need To Know (feat. Calle Lehmann),Gryffin,76,All You Need To Know (feat. Calle Lehmann),2019-03-27,Dance Pop,59
5YkmS18BehACOhIIeUqe6l,I Miss Myself (with HRVY),NOTD,71,I Miss Myself (with HRVY),2019-05-03,Dance Pop,12
3vQhEd4lOg4mAV6CHCgoHW,South of the Border (feat. Camila Cabello & Cardi B) - Sam Feldt Remix,Ed Sheeran,65,South of the Border (feat. Camila Cabello & Cardi B) [Sam Feldt Remix],2019-10-04,Dance Pop,55
6wo37KVqFJhtuxPTpLCcfe,Takeaway (feat. Lennon Stella),The Chainsmokers,67,World War Joy...Takeaway,2019-07-24,Dance Pop,93
3OTSBoYKO7HzGVj8Bu2OH9,All the Time,Zara Larsson,74,All the Time,2019-06-21,Dance Pop,12
4NSW0Km5ZG60L8FthUebPJ,What I Like About You (feat. Theresa Rex),Jonas Blue,81,What I Like About You (feat. Theresa Rex),2019-03-22,Dance Pop,96
1xK7enJZVdv37fnnxoZlPq,With You,Kaskade,71,With You,2019-06-14,Dance Pop,40
1z1XegUChLLQfcbtIK8ABn,Body Back (feat. Maia Wright),Gryffin,75,Body Back (feat. Maia Wright),2019-10-18,Dance Pop,34
6aoGtdWXBkYQ2O2wnyIz2x,Not Ok,Kygo,73,Not Ok,2019-05-23,Dance Pop,44
5tAa8Uaqr4VvA3693mbIhU,Ruin My Life,Zara Larsson,79,Ruin My Life,2018-10-18,Dance Pop,32
18W92Zm1KjLCbUIszOhpkD,I Wanna Know (feat. Bea Miller),NOTD,74,I Wanna Know (feat. Bea Miller),2018-03-16,Dance Pop,39
3D37T7euWvVJ45evRmriIh,Better With You,3LAU,63,Better With You,2019-03-01,Dance Pop,41
3y3brCCecHC3Db18aIOnny,"Carry On (from the Original Motion Picture ""POKÉMON Detective Pikachu"")",Kygo,79,"Carry On (from the Original Motion Picture ""POKÉMON Detective Pikachu"")",2019-04-19,Dance Pop,16
6XqvFyJGdUD5IWee02ARKU,Polaroid,Jonas Blue,16,Blue,2018-11-09,Dance Pop,77
575NJxNUVDqwJGdzBrlLbv,Lost In Japan - Remix,Shawn Mendes,75,Lost In Japan (Remix),2018-09-27,Dance Pop,53
70YPzqSEwJvAIQ6nMs1cjY,In Your Arms (with X Ambassadors),ILLENIUM,75,ASCEND,2019-08-16,Dance Pop,30
7Ht0v0LWBCOEjmNQ0iMpNr,I'm Not Alright,Loud Luxury,55,I'm Not Alright,2019-07-12,Dance Pop,62
6nDKrPlXdpomGBgAlO7UdP,SOS,Avicii,30,SOS,2019-04-10,Dance Pop,02
2b1BwUGGyKq0CoJd8G1B6M,Harder,Jax Jones,62,Snacks,2019-07-12,Dance Pop,53
09IStsImFySgyp0pIQdqAc,The Middle,Zedd,84,The Middle,2018-01-23,Dance Pop,32
1lGVyEkGHUz7Pg78QGaS4a,Wanted,NOTD,70,Wanted,2019-09-27,Dance Pop,98
6ksMjdec8b6C45TUawkAdu,Crash Into Me,Steve Aoki,37,Crash Into Me,2019-07-12,Dance Pop,93
1vsQb8n0icvMsFnL9663LM,Need Your Love (with Noah Kahan),Gryffin,70,Gravity,2019-10-24,Dance Pop,87
6pooRNiLyYpxZeIA5kJ5EX,Good Things Fall Apart (with Jon Bellion),ILLENIUM,74,Good Things Fall Apart (with Jon Bellion),2019-05-13,Dance Pop,68
5WHTFyqSii0lmT9R21abT8,Don't Call Me Up,Mabel,85,Ivy To Roses (Mixtape),2019-01-18,Dance Pop,80
1pBO9JDqh1y3TbCKEO1OvG,Nostalgic,A R I Z O N A,36,Nostalgic,2019-06-18,Dance Pop,68
1LjxmkW3xRQP2HzswhYyyc,Let It Be Me,Steve Aoki,52,Let It Be Me,2019-09-06,Dance Pop,61
7FCZhkhzEUVNUAlGauNKIe,Lovers + Strangers,Starley,58,Lovers + Strangers,2019-10-11,Dance Pop,01
2JoIjuzRplpYGvvLpSW2on,Sad Song (feat. TINI),Alesso,72,Sad Song (feat. TINI),2019-06-14,Dance Pop,24
4PUWpNtDejQwwa80LjvxXl,Sleepless Nights,ayokay,64,In the Shape of a Dream,2018-08-31,Dance Pop,80
1nufXiTCTTAeJfO9hLHvO8,Save Me Tonight,ARTY,63,Save Me Tonight,2019-01-25,Dance Pop,79
1NDxZ7cFAo481dtYWdrUnR,Pretty Girl - Cheat Codes X CADE Remix,Maggie Lindemann,77,Pretty Girl (Cheat Codes X CADE Remix),2017-03-02,Dance Pop,13
1ahVFh0ViDZr8LvkEVlq3B,No Sleep (feat. Bonn),Martin Garrix,76,No Sleep (feat. Bonn),2019-02-21,Dance Pop,95
0Ev562zA4pmUsBqjxsxxdx,Feel Good (feat. Daya),Gryffin,74,Feel Good (feat. Daya),2017-03-03,Dance Pop,56
5l8AUgBTWuOECwVgYtaUyE,Endless Summer,Cashae,56,Endless Summer,2019-07-12,Dance Pop,72
35MKhw2YBKApmD7fAnPERC,Faith (with Dolly Parton) [feat. Mr. Probz],Galantis,77,Faith (with Dolly Parton) [feat. Mr. Probz],2019-10-25,Dance Pop,05
3Kuu5vASpXK8oRsxOvau6P,Think About You,Kygo,71,Think About You,2019-02-14,Dance Pop,67
7KW3XQV5Or5CF57MYVj5h4,Party For One,Carly Rae Jepsen,64,Dedicated,2019-05-17,Dance Pop,33
3M9Apu4OZfylLTFKvgEtKa,Ritual,Tiësto,82,Ritual,2019-05-31,Dance Pop,96
5N4erncE7kuUccm7zEmwzk,Electricity (with Dua Lipa),Silk City,81,Electricity (with Dua Lipa),2018-09-06,Dance Pop,73
6QcrReLyoun4xrPVsZ5OJE,Lie,Shallou,41,Lie,2018-01-25,Dance Pop,46
1kQhi22kyluRCnIPAXtxEZ,I Found You (with Calvin Harris),benny blanco,62,FRIENDS KEEP SECRETS,2018-12-07,Dance Pop,65
5cE201rNvIkryS8N1dJ5nR,Now That I Found You,Carly Rae Jepsen,5,Now That I Found You / No Drug Like Me,2019-02-27,Dance Pop,18
4AkCyd9Nlbt8JprQq9V6o2,All Comes Back To You,R3HAB,72,All Comes Back To You,2019-10-25,Dance Pop,12
48GmVZwvkoVC5StfMLfNJE,Need U,DVBBS,24,Need U,2019-08-16,Dance Pop,21
01iyINEYgPQ7ThMZuHUsqS,First Love,Lost Kings,58,First Love,2017-10-13,Dance Pop,28
6BwClo5W3VvTzJv8bvZXDD,Something Real,Armin van Buuren,65,Something Real,2019-07-12,Dance Pop,31
108r6pnZHStBIktpyyps9w,TIME,Alesso,64,ALESSO MIXTAPE - PROGRESSO VOLUME 1,2019-03-08,Dance Pop,00
24Hzd4FPhz0HPx9jhM9cap,Something About You (with Rudimental),Elderbrook,53,Distinction EP,2019-08-09,Dance Pop,00
4aTtHoSBB0CuQGA6vXBNyp,Home (feat. Bonn),Martin Garrix,72,Home (feat. Bonn),2019-08-16,Dance Pop,67
0gIZLyF3MWQVcspzrLWYod,Simple (STVW Remix),FANNYPACK,39,Simple (STVW Remix),2019-04-12,Dance Pop,54
6y1UtRcHQU07aUs3oxZ8Yn,Sorry,Joel Corry,75,Sorry,2019-04-05,Dance Pop,40
54z0kLF0skj0Hdb9wCqPJt,Spicy (with Diplo & Charli XCX),Herve Pagez,60,Spicy (with Diplo & Charli XCX),2019-05-30,Dance Pop,59
6mPstbtzhyqKmwefY4eVWD,The Upside (feat. Elle King),Lindsey Stirling,18,The Upside (feat. Elle King) / The Upside / Underground,2019-08-02,Dance Pop,02
6uBhi9gBXWjanegOb2Phh0,Stay,Zedd,79,Stay,2017-02-23,Dance Pop,91
1Pe3Tnahd3nNcKrTvNvNvW,Million Voices,Armin van Buuren,60,Balance,2019-10-25,Dance Pop,50
4w8niZpiMy6qz1mntFA5uM,"Taki Taki (with Selena Gomez, Ozuna & Cardi B)",DJ Snake,83,"Taki Taki (with Selena Gomez, Ozuna & Cardi B)",2018-09-28,Dance Pop,00
7BKLCZ1jbUBVqRi2FVlTVw,Closer (feat. Halsey),The Chainsmokers,85,Closer (feat. Halsey),2016-07-29,Dance Pop,60
2IDHoSlbG0CKH9rhq68wTb,Say My Name (feat. Zyra) - RAC Mix,ODESZA,47,Say My Name Remixes,2014-10-13,Dance Pop,91
60wwxj6Dd9NJlirf84wr2c,Clarity,Zedd,74,Clarity,2012-01-01,Dance Pop,27
6kPJZM97LwdG9QIsT7khp6,Solo (feat. Demi Lovato),Clean Bandit,80,Solo (feat. Demi Lovato),2018-05-17,Dance Pop,53
3ebXMykcMXOcLeJ9xZ17XH,Scared to Be Lonely,Martin Garrix,81,Scared to Be Lonely,2017-01-27,Dance Pop,83
7iNIg7XDEaYECfWD5dJ9Va,Friends (with BloodPop®),Justin Bieber,76,Friends (with BloodPop®),2017-08-17,Dance Pop,67
6cy3ki60hLwimwIje7tALf,RITMO (Bad Boys For Life),The Black Eyed Peas,96,RITMO (Bad Boys For Life),2019-10-12,Dance Pop,14
5N5k9nd479b1xpDZ4usjrg,Promises (with Sam Smith),Calvin Harris,84,Promises (with Sam Smith),2018-08-17,Dance Pop,09
0qaWEvPkts34WF68r8Dzx9,Turn Me On (feat. Vula),Riton,86,Turn Me On (feat. Vula),2019-09-13,Dance Pop,74
6jq6rcOikCZAmjliAgAmfT,Light,San Holo,68,Light,2017-02-10,Dance Pop,53
762UXiwEHYY97VL45sAUPR,2U,David Guetta,66,2U,2017-06-09,Dance Pop,07
6RUKPb4LETWmmr3iAEQktW,Something Just Like This,The Chainsmokers,83,Memories...Do Not Open,2017-04-07,Dance Pop,60
7ef4DlsgrMEH11cDZd32M6,One Kiss (with Dua Lipa),Calvin Harris,85,One Kiss (with Dua Lipa),2018-04-06,Dance Pop,47
3zU9rdflI65tK4dkkNSp77,Heroes (we could be),Alesso,73,Forever,2015-05-26,Dance Pop,13
12GEpg2XOPyqk03JZEZnJs,It Ain’t Me (with Selena Gomez),Kygo,69,It Ain't Me,2017-02-17,Dance Pop,81
4kte3OcW800TPvOVgrLLj8,Let Me Love You (Until You Learn To Love Yourself),Ne-Yo,69,R.E.D. (Deluxe Edition),2012-01-01,Dance Pop,27
0lYBSQXN6rCTvUZvg9S0lU,Let Me Love You,DJ Snake,81,Encore,2016-08-05,Dance Pop,47
3vv9phIu6Y1vX3jcqaGz5Z,Roses,The Chainsmokers,73,Roses,2015-06-16,Dance Pop,39
2QtJA4gbwe1AcanB2p21aP,Stay The Night - Featuring Hayley Williams Of Paramore,Zedd,61,Clarity (Deluxe),1905-07-04,Dance Pop,47
1BltsyC5W3SAABdxyrDXwi,Latch,Disclosure,19,Settle,2013-01-01,Dance Pop,32
3tTYxjYYcXFqFXA0AZ1Fav,Flames,David Guetta,57,7,2018-09-14,Dance Pop,00
09CtPGIpYB4BrO8qb1RGsF,Sorry,Justin Bieber,81,Purpose (Deluxe),2015-11-13,Dance Pop,87
0azC730Exh71aQlOt9Zj3y,This Is What You Came For,Calvin Harris,79,This Is What You Came For,2016-04-29,Dance Pop,60
4h8VwCb1MTGoLKueQ1WgbD,Wake Me Up,Avicii,84,TRUE,2013-01-01,Dance Pop,27
0E9ZjEAyAwOXZ7wJC0PD33,In My Mind,Dynoro,84,In My Mind,2018-06-08,Dance Pop,60
0lHAMNU8RGiIObScrsRgmP,Titanium (feat. Sia),David Guetta,66,Nothing but the Beat 2.0,2011-08-26,Dance Pop,40
0n8ob8S72lvznoVfiwz4qL,Where Are Ü Now,Skrillex,8,Purpose (Deluxe),2015-11-13,Dance Pop,20
4r6eNCsrZnQWJzzvFh4nlg,Firework,Katy Perry,64,Teenage Dream,2010-01-01,Dance Pop,93
0GzmMQizDeA2NVMUaZksv0,Mi Gente (feat. Beyoncé),J Balvin,61,Mi Gente (feat. Beyoncé),2017-09-28,Dance Pop,33
1MlAkYV0nbRKWhhfvTt3zc,Don't You Worry Child - Radio Edit,Swedish House Mafia,27,Until Now,2012-01-01,Dance Pop,69
1WkMMavIMc4JZ8cfMmxHkI,"CAN'T STOP THE FEELING! (Original Song from DreamWorks Animation's ""TROLLS"")",Justin Timberlake,74,TROLLS (Original Motion Picture Soundtrack),2016-09-23,Dance Pop,47
7C7yqFTM0ncyJ04GIKrxdV,Anything Could Happen,Ellie Goulding,57,Halcyon,2012-01-01,Dance Pop,22
0WfKDYeUAoLA3vdvLKKWMW,Poker Face,Lady Gaga,69,The Fame,2008-01-01,Dance Pop,00
22mek4IiqubGD9ctzxc69s,How Deep Is Your Love,Calvin Harris,77,How Deep Is Your Love,2015-07-17,Dance Pop,40
61ZM92T2zaXIVsqncThQzC,In Your Eyes (feat. Alida),Robin Schulz,74,In Your Eyes (feat. Alida),2020-01-10,Dance Room,22
6TnxdnJcZIwCWiCHq5Qds0,Wish You Well (with Sigala),Sigala,5,Get To Know,2019-09-27,Dance Room,40
2aFAmDBycyEnj3lcS95JMe,With You - LöKii Remix,Kaskade,57,With You - The Remixes,2019-09-12,Dance Room,80
0Npijoc6ZcUe1devUugKvI,Dive,Hot Shade,68,Dive,2019-12-20,Dance Room,90
5gwLIRjGFf3hXuHoKEsWLg,No Goodbye,Paul Kalkbrenner,65,No Goodbye,2019-07-26,Dance Room,47
3d4lc8esnUl7Bx9J9d9oty,Work,MOTi,58,Work,2019-01-25,Dance Room,38
0U6bQIAh6MCGo1xjbIIx2S,Instagram,Dimitri Vegas & Like Mike,81,Instagram,2019-07-05,Dance Room,58
3oIVK7arAFuUOCGafPLxSC,Better Off Without You (feat. Shift K3Y),Becky Hill,68,Better Off Without You (feat. Shift K3Y),2020-01-10,Dance Room,43
2I4jAMEOEUQD5V1byYCqNS,Butterfly,Molella,43,Butterfly,2019-06-21,Dance Room,94
59QmL8ygKtVfMHmPx3GaBX,All The Love You Got,MOTi,57,All The Love You Got,2019-12-20,Dance Room,14
5EdYlCWou17k0N1PADLKfO,Call You Mine - Asketa & Natan Chaim Remix,The Chainsmokers,58,Call You Mine - The Remixes,2019-07-19,Dance Room,53
5MvsfUN0H79C24t3fPepeL,Love Is Not Enough,GATTÜSO,58,Love Is Not Enough,2019-12-19,Dance Room,00
7CHi4DtfK4heMlQaudCuHK,Lose Control,MEDUZA,91,Lose Control,2019-10-11,Dance Room,87
1CW7tYkpJ95c7bQkRf6CcK,I Wanna Dance,Jonas Blue,67,I Wanna Dance,2019-07-19,Dance Room,82
4bSFPMXKYaCoBhzJv276zl,After The Landslide - Club Remix,Matt Simons,42,After The Landslide (Remix),2019-09-19,Dance Room,00
5AFrctm65wWIqJsjHPPx85,Midnight Hour with Boys Noize & Ty Dolla $ign,Skrillex,70,Midnight Hour with Boys Noize & Ty Dolla $ign,2019-08-29,Dance Room,39
3DsjHcLYMExprXJECT4QQP,Pon de Replay,Ed Marquis,64,Pon de Replay,2017-04-28,Dance Room,43
7FjZU7XFs7P9jHI9Z0yRhK,So Close,NOTD,79,So Close (feat. Georgia Ku),2018-11-02,Dance Room,02
5ijpy4l0nKZPIKHui6SQfE,Look Into My Eyes,Brando,48,Look Into My Eyes,2020-01-10,Dance Room,54
6j8eH9frh703HaGBaSRS6u,Not in Control,Glaceo,53,Not in Control,2019-12-20,Dance Room,16
79Vz5MNH7Qe4F7hPKT8tPz,BLUE,Tiësto,75,BLUE,2019-12-13,Dance Room,59
65mOk4n0tfrMysFXu12ufx,Don't Waste My Time,Kharfi,46,Don't Waste My Time,2019-11-08,Dance Room,86
4w5Grfxx5Rpup6mo5v6bW0,Beat Of My Heart,Lost Frequencies,67,Alive And Feeling Fine,2019-10-04,Dance Room,83
3uiQZlSlSDRduWLFBTSEot,Don't Start Now - Kungs Remix,Dua Lipa,65,Don't Start Now (Kungs Remix),2019-12-18,Dance Room,56
29ikXeGM6kScvhvqfvgiwO,Drunken Truth,Steve Void,56,The Seed EP,2019-12-20,Dance Room,91
2Eld7kejX6FH9OptVyKQak,Jacques,Jax Jones,42,Jacques,2019-08-28,Dance Room,27
3BOcWxFUURAomDXRSDFve4,Something Real,Armin van Buuren,58,Balance,2019-10-25,Dance Room,31
4YhN72dRYL2Z3MsaKyT7rS,Stay (Don't Go Away) [feat. Raye],David Guetta,74,Stay (Don't Go Away) [feat. Raye],2019-05-09,Dance Room,43
7DQ5CZjAQdhgDgdnSXxJ7Z,Solid Gold,PNAU,65,Solid Gold,2019-05-02,Dance Room,67
2aXA9aQfrqaOi1Wy3NfSZI,One Life,Mike Perry,64,One Life,2019-09-27,Dance Room,91
62XCV3AmCMkPa9X5mCim8O,All ‘Bout The Money,FAULHABER,51,All ‘Bout The Money,2019-10-18,Dance Room,64
5llPdGZJjJFJv9aL6ZaiLY,Never Letting Go,Audien,63,Never Letting Go,2018-11-09,Dance Room,20
7pWK1kMgHy5lNNiIfuRbkP,Used To Love (with Dean Lewis),Martin Garrix,83,Used To Love (with Dean Lewis),2019-10-31,Dance Room,65
2W9pBY75aWOV39S73mqqbn,Giulia,Prince Paris,55,Giulia,2019-11-29,Dance Room,31
1JxQmgCEipmHCUiJS568pE,What Do I Do? - Benny Benassi Remix,Georgia Ku,39,What Do I Do? (Benny Benassi Remix),2019-10-18,Dance Room,49
6pu5jQqenr37n0z6eBKOh0,Dreams Of You (feat. Rae Morris),Icarus,48,Dreams Of You (feat. Rae Morris),2019-10-04,Dance Room,85
3RBk0P36O7wCMxF263jRJL,I Will Let You Down (feat. KLARA),Madison Mars,59,I Will Let You Down (feat. KLARA),2019-12-06,Dance Room,00
4uRx3SdWG2cNVfRNVPwHDS,Carillon (with Achille Lauro),Nahaze,64,Carillon (with Achille Lauro),2019-12-11,Dance Room,85
3ZRgqoTb7pVO11IxcKGtMo,La Vie - Gabry Ponte Mix,DJ Ross,42,La Vie (Gabry Ponte Mix),2019-11-15,Dance Room,38
0DhkTGjEaIHaSxTfC14BFm,Lullaby,R3HAB,70,Lullaby,2018-01-26,Dance Room,84
4nx4h17pRj1ikT0hZecR8z,Say It,Phantoms,57,Disconnect,2019-07-19,Dance Room,93
1tq4UL9BB7BHuT6eorlX3X,All This Time,Deorro,21,All This Time,2019-07-12,Dance Room,60
4TIkSdsNSfqpuq6ZYvCjAz,All You Need To Know (feat. Calle Lehmann),Gryffin,68,Gravity,2019-10-24,Dance Room,38
4P7F3kb2Ze1YleD6lUYwJo,Acordeão,Tiësto,63,Acordeão,2019-08-08,Dance Room,04
3qeJ84Y6PRS9LtliOuT94Z,My Friend,Yves V,54,My Friend,2019-05-31,Dance Room,00
7sYAS4CpbV90oSemgaEQat,On & On,Alok,79,On & On,2019-11-22,Dance Room,27
1CRy08G60mS5jvhB27xMpS,Juliet & Romeo,Martin Solveig,72,Juliet & Romeo,2019-12-06,Dance Room,14
02itaCXOdC54J0ISjqqFAp,All Around The World (La La La),R3HAB,80,All Around The World (La La La),2019-04-05,Dance Room,40
52EB2Gk1nkxZmbomJOXUde,Are You Lonely (feat. ISÁK),Steve Aoki,47,Are You Lonely (feat. ISÁK),2019-02-22,Dance Room,33
4Jwp3yjIQfudmjuctLQlfJ,No More (feat. Brenda Mullen) - Bottai Edit,Alex Gaudino,19,No More (feat. Brenda Mullen) [Bottai Edit],2019-03-01,Dance Room,40
7N06jo3EnV792VFaG8vuW6,Close Your Eyes,Felix Jaehn,79,Close Your Eyes,2019-11-22,Dance Room,94
517cAnPxsaxfrkKHHY41wB,Buzzing (with Nevve),Audien,59,Escapism,2019-11-08,Dance Room,00
3GT2CBmJWIEdCpHiB31WYK,Never Be Alone (feat. Aloe Blacc),David Guetta,68,Never Be Alone (feat. Aloe Blacc),2019-07-26,Dance Room,71
7fPuWrlpwDcHm5aHCH5D9t,Roses - Imanbek Remix,SAINt JHN,72,Roses (Imanbek Remix),2019-09-13,Dance Room,19
1rRWFc2p77FYyb67m5YeVO,Insane,Ofenbach,66,Insane,2019-11-15,Dance Room,30
1LDDUVvutZ3qxvnOrulCBM,Daydreams - Sultan + Shepard Echoes Of Life Remix,ARTY,59,Daydreams (Sultan + Shepard Echoes Of Life Remix),2020-01-03,Dance Room,05
2wOVXsIRIoniqipE9I5ZVx,Only Want You - Sam Feldt Remix,Rita Ora,64,Only Want You (Sam Feldt Remix),2019-04-05,Cardio,51
0byab45cmZntz74RxcASrf,Close To Me (with Diplo) (feat. Swae Lee) - Felix Cartal Remix,Ellie Goulding,9,Close To Me (Remixes),2019-02-01,Cardio,33
4ciBIS83LHQpKf4noVKP51,Woke Up Late (feat. Hailee Steinfeld) - Sam Feldt Remix,Drax Project,41,Woke Up Late (Sam Feldt Remix),2019-05-02,Cardio,75
19TOAlTFq0NDHvUPQR0tkr,South of the Border (feat. Camila Cabello & Cardi B) - Cheat Codes Remix,Ed Sheeran,69,South of the Border (feat. Camila Cabello & Cardi B) [Cheat Codes Remix],2019-09-27,Cardio,24
6VP3410weACXiPCVLKSkOb,Not Ok - Frank Walker Remix,Kygo,66,Not Ok (Frank Walker Remix),2019-07-05,Cardio,34
5ql2mP9FUhB3SgMzv2akuO,Heaven (feat. Veronica),Dzeko,68,Heaven (feat. Veronica),2019-01-04,Cardio,00
3jwQwGVERUXo7eaAgL1xAo,Sixteen - Don Diablo Remix,Ellie Goulding,66,Sixteen (Don Diablo Remix),2019-05-10,Cardio,48
46W9iEjOg5nkMvb6lo4Jwz,Don’t Give Up On Me Now (with Julie Bergan),R3HAB,63,Don’t Give Up On Me Now (with Julie Bergan),2019-05-10,Cardio,26
0GRoERSBBky3YgdKW2w2Vc,Brave,Don Diablo,68,Brave,2019-04-26,Cardio,27
3sHuIjfAzluc6S9cXoqfqC,Let It Be Me,Steve Aoki,23,Let It Be Me,2019-09-06,Cardio,61
4fK2NU9UyQJV74ZGiSVYsr,Carry On - Nicky Romero Remix,Kygo,67,Carry On (Nicky Romero Remix),2019-05-30,Cardio,12
0jlpHhGUFn4aAWLsRRnwep,Magnets (feat. Sophie Simmons),Sam Feldt,62,Magnets (feat. Sophie Simmons),2019-05-10,Cardio,16
2pMntGuRgHAHVtrpC6kgGy,Don't Give Up On Me,Andy Grammer,9,Don't Give Up On Me (with R3HAB),2019-04-12,Cardio,45
7EHCt2jdVwHp557sfMPosf,Found Love (feat. Lovespeake),MOTi,59,Found Love (feat. Lovespeake),2019-02-15,Cardio,24
5YN0zHycJ0Yxz31A5QsVov,These Are The Times (feat. JRM),Martin Garrix,71,These Are The Times (feat. JRM),2019-07-18,Cardio,56
14nIFzHQf1OBWf6VHVR8DF,Wherever You Go,Jonas Blue,21,Blue,2018-11-09,Cardio,47
14sOS5L36385FJ3OL8hew4,Happy Now,Kygo,81,Happy Now,2018-10-26,Cardio,62
23FHa9lYnG6Dr8OzombPkS,Roots,Valerie Broussard,69,Roots,2019-08-16,Cardio,64
06BrHnTVDOydsfg0LZ6mQb,Talk - Alle Farben Remix,Khalid,56,Talk (Alle Farben Remix),2019-04-04,Cardio,90
1YSwQvw1NrEPfA0j1iY8eV,All The Lies - Toby Romeo Remix / Radio Edit,Alok,56,All The Lies (Remixes),2019-07-19,Cardio,00
1FlIzyCvRFQUE4pc7PiaIo,High Hopes - Don Diablo Remix,Panic! At The Disco,60,High Hopes (Don Diablo Remix),2019-01-11,Cardio,14
3eW2EDwNRAiQKkgom96dUa,Summer Air (feat. Trevor Guthrie),Hardwell,40,Summer Air (feat. Trevor Guthrie),2019-05-31,Cardio,05
1k08GK7ox8SDmEMvn81TwU,Can We Pretend (feat. Cash Cash) - Sigala Remix,P!nk,57,Can We Pretend (feat. Cash Cash) [Sigala Remix],2019-06-28,Cardio,60
4raMIjIjMc8JohHth7l9lG,Bruises - Steve Void Remix,Lewis Capaldi,70,Bruises EP,2019-09-27,Cardio,80
52Y5nYBQgqawttJxxtUv1e,Insomnia - King Arthur Remix,Daya,63,Insomnia (King Arthur Remix),2019-05-17,Cardio,98
4R7ZSlYoJOIaxHJFHszQCR,Don't Worry Bout Me - Rudimental Remix,Zara Larsson,65,Don't Worry Bout Me (Rudimental Remix),2019-04-24,Cardio,37
3N9YuL395rE4qNyHMsvOWC,I Miss Myself - R3HAB Remix,NOTD,56,I Miss Myself (R3HAB Remix),2019-06-07,Cardio,41
6dX62wjTHi9F1srVTjV89X,8 Letters - R3HAB Remix,Why Don't We,2,8 Letters (R3HAB Remix),2018-09-28,Cardio,33
0JumfyG7GUshFjxouEXwhw,You Deserve Better - Andrelli Remix,James Arthur,53,You Deserve Better (Andrelli Remix),2018-06-29,Cardio,93
3Iee2uf8UXOrOupQzfs1z5,Remember (with ZOHARA),Gryffin,11,Remember (with ZOHARA),2018-10-26,Cardio,73
6jreFSOTUAViWjKyzOC4Kg,REMEDY,Alesso,77,REMEDY,2018-08-31,Cardio,95
5Qnk8vP5g9l5SDQKU3qyYQ,Leave,Borgeous,56,Leave,2019-01-25,Cardio,40
3Mong1BzxMKwTZ0SbfLdcQ,Mama (feat. Ellie Goulding) - Tiësto’s Big Room Remix,Clean Bandit,65,Mama (feat. Ellie Goulding) [Tiësto’s Big Room Remix],2019-03-08,Cardio,68
4huh5oqBz9RkgpzAkyuEAs,I'm Not Sorry,Hardwell,34,I'm Not Sorry,2019-03-08,Cardio,94
4Nu8sEejt46770gDUvFcrF,Tequila - Robin Schulz Remix,Dan + Shay,54,Tequila (Robin Schulz Remix),2019-03-21,Cardio,03
1IjuevPDJ8Sa97wFwQ5j4V,Happier - Frank Walker Remix,Marshmello,51,Happier (Remixes),2018-10-19,Cardio,71
4d3cCNTG3PUgWhPButc4N7,Sing It With Me - Embody Remix,JP Cooper,50,Sing It With Me (Embody Remix),2019-06-21,Cardio,71
7r4nPsLToVIPdsiEeZKF6Y,Thursday - Nicky Romero Remix,Jess Glynne,52,Thursday (Nicky Romero Remix),2018-12-07,Cardio,04
4Tvw0lweq9l2JPQKFbpbBQ,Better When You're Gone,David Guetta,76,Better When You're Gone,2019-02-08,Cardio,02
1yAPglN5AGf7UoLK062ZYq,Wish You Well,Sigala,75,Wish You Well,2019-05-24,Cardio,53
4IAd7Vdwcc1E86P15tXjca,Only When It Rains,Frank Walker,52,Only When It Rains,2019-03-29,Cardio,00
5qiQbOa6AFEO3P111y9Jry,Mad Love - Blinkie Remix,Mabel,62,Mad Love (Remixes),2019-07-05,Cardio,93
7nbVbGjifh0m2fhPYqcI1R,Sweet but Psycho - Morgan Page Dance Remix,Ava Max,65,Sweet but Psycho (Remixes),2018-08-16,Cardio,75
5NeFmsnXBy6xVbz8pesM5l,Better Day (feat. Aloe Blacc),Young Bombs,62,Better Day (feat. Aloe Blacc),2019-11-01,Cardio,86
6fvbl9D9VjMtLRQsuWPyYt,Rescue Me (with BUNT.) - BUNT. Remix,OneRepublic,10,Rescue Me (with BUNT.) [BUNT. Remix],2019-08-02,Cardio,45
1MgpEKnO6sgMTb5zumAsgn,Discovery,Syn Cole,55,Discovery,2019-05-31,Cardio,50
06Z7Hy2LUzbcSFmWzwkun1,With You - Frank Walker Remix,Tyler Shaw,49,With You (Frank Walker Remix),2019-02-01,Cardio,75
0EdgK7ASb4kfRkW8pVMN02,2 Hearts (feat. Gia Koka),Sam Feldt,70,2 Hearts (feat. Gia Koka),2020-01-10,Cardio,50
2gqzTQEn4g5ly0n5ScdMx0,Love You Forever,Nicky Romero,61,Love You Forever,2019-06-21,Cardio,09
36orMWv2PgvnzXsd5CJ0yL,Post Malone (feat. RANI),Sam Feldt,75,Post Malone (feat. RANI) [Joe Stone Remix],2019-08-16,Dance Pop Hits,44
6DuE8kXIDJ3oiCibWXmgeN,Thorns,Faustix,60,Thorns,2019-03-29,Dance Pop Hits,00
5up5uXChMJLKyuop9HwtCb,Shotgun (The Wild Remix),George Ezra,63,Shotgun (The Wild Remix),2018-06-15,Dance Pop Hits,50
4AMY0oGSt7vZwgxDnHCJBr,True Colors (feat. Maya Avedis),XO Cupid,73,True Colors (feat. Maya Avedis),2018-09-21,Dance Pop Hits,20
0VQUyufAldw4Eitv71TPmg,Crying In The Sun,Faustix,60,Crying In The Sun (Remixes),2018-11-23,Dance Pop Hits,47
0EQeui6OBMzqJ3Z3wCOzZh,Need You,Faustix,62,Need You,2019-07-26,Dance Pop Hits,61
1o9D0rUusi2V5idyOEOPII,Sweet Dreams (Are Made of This),Winati,67,Sweet Dreams (are Made of This),2019-06-21,Dance Pop Hits,73
2neq77lIMkitQwBwy1EDng,Million Lights,Tungevaag & Raaban,61,Million Lights,2019-03-22,Dance Pop Hits,67
5ow0sNF1zSqp71Ix5jEXWU,Dancing in the Moonlight,Jubël,71,Dancing in the Moonlight,2018-06-22,Dance Pop Hits,10
0vrmHPfoBadXVr2n0m1aqZ,Heaven,Avicii,80,TIM,2019-06-06,Dance Pop Hits,62
0o9bHFc8Lt5tZFvTjNZTNf,Forever Young,John De Sohn,68,Forever Young,2018-07-27,Dance Pop Hits,12
3oN9prOZJ8jR6rFP4YMJF9,eoh,Olympis,60,eoh,2019-08-16,Dance Pop Hits,20
0Qew3aYvQPGPjfL7gbe6x1,Nobody,Martin Jensen,66,Nobody,2019-03-01,Dance Pop Hits,40
5naYe7rLMZcLfO1DKg48MK,All Day And Night,Jax Jones,75,Snacks,2019-07-12,Dance Pop Hits,67
3LaQ1GajOXoUeiTA9UAcCK,There's No Way (feat. Julia Michaels) - Alle Farben Remix,Lauv,58,There's No Way (remixes),2018-11-01,Dance Pop Hits,01
3DGar7krWlmrXRFHBcQF6z,Whenever (feat. Conor Maynard),Kris Kross Amsterdam,74,Whenever (feat. Conor Maynard),2018-06-22,Dance Pop Hits,36
5VGBgPVFO3e0lWz4WHYntQ,All For Love,Tungevaag & Raaban,68,All For Love,2018-03-23,Dance Pop Hits,85
6sYJuVcEu4gFHmeTLdHzRz,Bittersweet Symphony (feat. Emily Roberts),GAMPER & DADONI,72,Bittersweet Symphony (feat. Emily Roberts),2019-03-29,Dance Pop Hits,18
3eS1VMcEmq2IUgpaeDysCb,One Touch,Jess Glynne,70,Always in Between (Deluxe),2018-10-12,Dance Pop Hits,76
4fCAOaMs0PYL58OijKp2IS,"fuck, i’m lonely (with Anne-Marie) - Ofenbach Remix",Lauv,58,"fuck, i’m lonely (with Anne-Marie) (Ofenbach Remix)",2019-08-30,Dance Pop Hits,12
2mSIu1ZPo22Ihx3EwS4E6h,Be Your Friend‬‬,Vigiland,67,Be Your Friend,2018-03-02,Dance Pop Hits,20
31OqWK8Lc6GnUbnLG3GqPX,Happier - Breathe Carolina Remix,Marshmello,62,Happier (Remixes),2018-10-19,Dance Pop Hits,95
7rpyHKSH3dkrsKEgv1eNgv,Woke Up Late (feat. Hailee Steinfeld) - Sam Feldt Remix,Drax Project,56,Woke Up Late (feat. Hailee Steinfeld) [Sam Feldt Remix],2019-05-02,Dance Pop Hits,75
5CpkVOosLFc83LbwqO6hnI,Just Got Paid,Sigala,65,Brighter Days,2018-09-28,Dance Pop Hits,80
3cJEgWbsBmGkvXz906tgut,No One - Jonas Blue Remix,Jess Glynne,51,No One (Jonas Blue Remix),2019-03-15,Dance Pop Hits,41
3ZqKbMO9UasuKgQeGT7QZS,Speechless (feat. Erika Sirola) - MOTi Remix,Robin Schulz,54,Speechless (feat. Erika Sirola) [MOTi Remix],2019-03-22,Dance Pop Hits,75
5mYNWSc1AE7pWS3Ax4e8Dl,Close To Me (with Diplo) (feat. Swae Lee) - Felix Cartal Remix,Ellie Goulding,61,Close To Me (Remixes),2019-02-01,Dance Pop Hits,33
6SRWhUJcD2YKahCwHavz3X,Darkside,Alan Walker,76,Different World,2018-12-14,Dance Pop Hits,80
7Feaw9WAEREY0DUOSXJLOM,Summer Days (feat. Macklemore & Patrick Stump of Fall Out Boy),Martin Garrix,83,Summer Days (feat. Macklemore & Patrick Stump of Fall Out Boy),2019-04-25,Dance Pop Hits,05
7K7MUBCnzgBAvMVW2RTWNs,Body (feat. brando),Loud Luxury,63,Body (feat. brando),2017-10-27,Dance Pop Hits,16
47dABAPyBgKB3iQCrC4Vrv,Who's Got Your Love,Cheat Codes,70,Who's Got Your Love,2019-03-15,Dance Pop Hits,00
6vRCKJDtnrJEcyyzIMa0w0,Never Go Back - Robin Schulz Remix,Dennis Lloyd,70,Never Go Back (Remixes),2019-06-07,Dance Pop Hits,53
4BM4ml3TgBFALLaCaJtVhi,Pumped Up,Klingande,56,Pumped Up,2017-09-08,Dance Pop Hits,73
4D3o6Hh3GydRpTTlyLP3D9,California,Hot Shade,65,California,2018-05-04,Dance Pop Hits,57
3R6dPfF2yBO8mHySW1XDAa,Solo Dance,Martin Jensen,61,Solo Dance,2016-11-04,Dance Pop Hits,33
164C9bSF4ryqWXI4XgxTE0,Replay,Davai,60,Replay,2017-08-25,Dance Pop Hits,20
4fC6tDEFmSBBCRBUOPeQ8b,Think About You - Galantis Remix,Kygo,63,Think About You (Galantis Remix),2019-04-12,Dance Pop Hits,40
7lPo7aUbqNz5qmcan9Oj3F,Love No More,Loud Luxury,54,Love No More,2018-08-31,Dance Pop Hits,36
1HvCFAUIWQsWV9zud3UhDl,All Falls Down (feat. Juliander),Alan Walker,70,Different World,2018-12-14,Dance Pop Hits,80
76WNl0hDHHxTUhfLrEIBSm,Lonely Together (feat. Rita Ora),Avicii,6,Phoenix (Deluxe Edition),2018-11-23,Dance Pop Hits,60
6xTU6B6nFwKKTSZ9ySXS80,Remind Me to Forget,Kygo,70,Kids in Love,2017-11-03,Dance Pop Hits,93
0jvqmWRCyv7xnxqrtinbHJ,Next To Me,Axel Johansson,54,Next To Me,2018-04-20,Dance Pop Hits,00
5itOtNx0WxtJmi1TQ3RuRd,Giant (with Rag'n'Bone Man),Calvin Harris,83,Giant (with Rag'n'Bone Man),2019-01-11,Dance Pop Hits,84
1uuUnsWpJwqBh5GRQ8uxla,Happier - Tiësto’s AFTR:HRS Remix,Ed Sheeran,53,Happier (Tiësto’s AFTR:HRS Remix),2018-06-01,Dance Pop Hits,00
4DfxFGwreu9BquiLRClwh8,Hum With Me,John De Sohn,55,Hum With Me,2017-06-09,Dance Pop Hits,71
6Pgkp4qUoTmJIPn7ReaGxL,Without You (feat. Sandro Cavazza),Avicii,81,AVĪCI (01),2017-08-10,Dance Pop Hits,73
3R8lr1Y1kPgXEbnXkcMMlT,Call On Me - Ryan Riback Remix,Starley,58,Call On Me,2016-10-07,Dance Pop Hits,00
4ESPuOrSsRcBISzcMlzmY5,Sad (feat. Afrojack),Chico Rose,75,Sad (feat. Afrojack),2019-08-30,Dance Pop Hits,80
0Zbbxnx4SGGHoIow4PpISP,Stargazing,Kygo,73,Stargazing - EP,2017-09-21,Dance Pop Hits,53
72gv4zhNvRVdQA0eOenCal,Symphony (feat. Zara Larsson),Clean Bandit,73,What Is Love? (Deluxe Edition),2018-11-30,Dance Pop Hits,33
2kLf4myxQME1Nd0voeKZri,Stay Young,Mike Perry,57,Stay Young,2017-09-01,Dance Pop Hits,05
4q8PHoRsPUB52LFylX8Ulz,More Than You Know,Axwell /\ Ingrosso,25,More Than You Know,2017-05-24,Dance Pop Hits,00
2devxXJUTEIFmgt8cXaqmO,Why Boy,Steff da Campo,55,Why Boy,2019-06-07,Dance Pop Hits,05
0ct6r3EGTcMLPtrXHDvVjc,The Nights,Avicii,80,The Days / Nights,2014-01-01,Dance Pop Hits,58
7dOeiXeTSfA1ixaYmQcWu7,Rich Love (with Seeb),OneRepublic,69,Rich Love,2017-07-14,Dance Pop Hits,57
7jEyX4bqaCSdMN4D4JNnVj,Mama,Jonas Blue,74,Blue,2018-11-09,Dance Pop Hits,34
6ULQ6ZRc7JuVutRMy6gfgc,Feel Good,Felix Jaehn,65,I,2018-02-16,Dance Pop Hits,47
0FlnsBDwPglenLJoQjPd4K,IDGAF - Hazers Remix,Dua Lipa,50,IDGAF (Remixes),2018-02-23,Dance Pop Hits,17
4Vbz3osCh6DwHYv5gVv5H2,Breathe (feat. Ina Wroldsen),Jax Jones,66,Snacks,2019-07-12,Dance Pop Hits,07
4OgwXdylh75fHfwUzJTUqg,Rockstar,Ilkay Sencan,71,Rockstar,2019-06-21,Dance Pop Hits,80
4kWO6O1BUXcZmaxitpVUwp,Jackie Chan,Tiësto,79,Jackie Chan,2018-05-18,Dance Pop Hits,60
0A5gdlrpAuQqZ2iFgnqBFW,Moonlight,Gaullin,76,Moonlight,2018-09-07,Dance Pop Hits,67
0BiGd2FNDQ0eh79ZHfp6tS,All I Wanna Do,Martin Jensen,55,All I Wanna Do,2016-04-08,Dance Pop Hits,60
25sgk305KZfyuqVBQIahim,Sweet but Psycho,Ava Max,87,Sweet but Psycho,2018-08-17,Pop Warmup 130 BPM,36
3xE7LrW7P54CYNQYqLhl6J,Melody - ANGEMI Remix,Lost Frequencies,35,"Melody (Remixes, Pt. 1)",2018-06-15,Pop Warmup 130 BPM,41
4ut5G4rgB1ClpMTMfjoIuy,High On Life (feat. Bonn),Martin Garrix,77,High On Life (feat. Bonn),2018-07-29,Pop Warmup 130 BPM,62
0uUNN1nSoUx1A4fkDCWDQ7,So Am I,Ava Max,83,So Am I,2019-03-07,Pop Warmup 130 BPM,27
1byydVLDAt7An5Pk3SuL5j,I Know You - Vigiland Remix,Craig David,51,I Know You (Remixes),2018-02-09,Pop Warmup 130 BPM,45
1RxlBxlaJpSEVnLk4Gtvym,Through To You,Lyente,2,Through To You,2018-04-17,Pop Warmup 130 BPM,38
7IWTIkiWGWNQyYfOLdMrGD,Burn Out (feat. Dewain Whitmore),Martin Garrix,68,Burn Out (feat. Dewain Whitmore),2018-09-14,Pop Warmup 130 BPM,22
67FPUOM5Q2sSvS3iqLxSFs,Penny,Dimitri Vangelis & Wyman,50,Penny,2019-03-29,Pop Warmup 130 BPM,45
0Qmqhtqco9ifi7ScZh1095,Wait For Me,Steve Brian,42,Wait For Me,2018-10-12,Pop Warmup 130 BPM,43
2Fxmhks0bxGSBdJ92vM42m,bad guy,Billie Eilish,95,"WHEN WE ALL FALL ASLEEP, WHERE DO WE GO?",2019-03-29,Pop Warmup 130 BPM,88
0FC7eAz8CW9HAWnBr8Yo42,Daylight (Airbeat One Anthem 2018),Fluex,50,Daylight (Airbeat One Anthem 2018),2018-06-22,Pop Warmup 130 BPM,00
7LYMT7ZaJC6KaKaXod9qNq,Imagine,Rob Tirea,21,Imagine,2018-04-13,Pop Warmup 130 BPM,98
6fIgsZFtGXiIvxb2Y6oCc7,Apple Juice (feat. Carla Monroe) - MOTi Remix,SLATIN,63,Apple Juice (feat. Carla Monroe) [MOTi Remix],2018-11-30,Pop Warmup 130 BPM,50
47knrBbYhqtrggWYSkU6h1,Glitch,Martin Garrix,56,Glitch,2018-12-14,Pop Warmup 130 BPM,61
46x4SztssOJ1KzRjPqVUPk,Brand New (Helium),Lvly,2,Brand New (Helium),2018-04-13,Pop Warmup 130 BPM,97
0AKxkfd5NLlWMXCVgH6a6X,Shades Of Voices (Original Mix),PULLER,2,Shades Of Voices (Original Mix),2017-01-23,Pop Warmup 130 BPM,93
43ZeyBuql1TboyWE3ElHXj,In Time,CAZZETTE,49,Stereo Mono,2018-10-12,Pop Warmup 130 BPM,54
3EKKIR8be1kfAAwaz1fzyS,Halfway There (feat. Lena Leon),Tiësto,60,Halfway There (feat. Lena Leon),2019-03-15,Pop Warmup 130 BPM,00
4u6chQOq3h6g03cnPzAxcz,Spirit Of Freedom,Dropgun,45,Spirit Of Freedom,2019-01-25,Pop Warmup 130 BPM,50
5UaEBgRvUPFf5CEDhaTdp7,Mama Look at Me Now,Galantis,56,Satisfied (feat. MAX) / Mama Look at Me Now,2018-07-13,Pop Warmup 130 BPM,32
6wigvUlHft5QfkbxmAG5uC,Toxic Rain - No Class Remix,Alicia Madison,41,Toxic Rain (No Class Remix),2018-05-11,Pop Warmup 130 BPM,92
3b0cJPguhWOh2hjY6Lu192,The Beat,Mike Williams,70,The Beat,2018-07-23,Pop Warmup 130 BPM,87
3QC33AxvY2sdxq22ym3aSL,Wild Wild Son,Armin van Buuren,57,Wild Wild Son,2018-10-12,Pop Warmup 130 BPM,07
6nsLzJfvp5OLd4mgqUJkpq,Waiting For Love,Avicii,16,Stories,2015-10-02,Pop Warmup 130 BPM,13
1fN2cemf6ByT2WKqtumwR5,Shelter (Mix Cut) - Yoel Lewis Remix,Dash Berlin,48,Trance Top 1000 (Mini Mix 006) - Armada Music,2018-04-20,Pop Warmup 130 BPM,19
6RnkFd8Fqqgk1Uni8RgqCQ,Like I Do,David Guetta,72,Like I Do,2018-02-22,Pop Warmup 130 BPM,00
5fEpuvcNvERP7EHtLe28Zy,Skyline,Catiso,2,Mercury,2018-02-23,Pop Warmup 130 BPM,60
45NYp6HaMbhHNtn8sTnztn,Callin' - Extended Mix,Lush & Simon,2,Callin',2018-06-01,Pop Warmup 130 BPM,00
7HdHOGbA7uyepn1jbPKqOx,Roads,Vargas & Lagola,66,Roads,2018-02-09,Pop Warmup 130 BPM,80
49ziHtycEUnbFQtE8e8slt,Jackie Chan,Tiësto,60,Jackie Chan,2018-05-18,Pop Warmup 130 BPM,76
3kGfazcbVvVkuZunzlLgTD,Came Here for Love,Sigala,68,Came Here for Love,2017-06-09,Pop Warmup 130 BPM,99
2ZEqEHPOhJdkI9pCCW9pBD,Kids in Love - Don Diablo Remix,Kygo,50,Kids in Love (Don Diablo Remix),2018-05-11,Pop Warmup 130 BPM,14
35ARq65zezGBwA7EHBXm2w,Let You Down - Chris Royal Remix,Bombs Away,39,Let You Down (Remixes),2018-04-16,Pop Warmup 130 BPM,00
1N4n7soiQQ8TRsntrkItyA,Mercury,Catiso,1,Mercury,2018-02-23,Pop Warmup 130 BPM,25
0XOFJ634crTl8z9N5Gxh2S,Different Place,STVCKS,4,Different Place,2018-03-02,Pop Warmup 130 BPM,12
2OlWBmSjf1aUPGLNf0UI5A,One Last Time,Ariana Grande,16,My Everything (Deluxe),2014-08-22,Pop Warmup 130 BPM,67
6UiDiFJUGEDzkGpZBL8IYq,I Feel The Love,Tritonal,58,Painting With Dreams,2016-09-09,Pop Warmup 130 BPM,20
5WvAo7DNuPRmk4APhdPzi8,No Brainer,DJ Khaled,77,No Brainer,2018-07-27,Pop Warmup 130 BPM,00
4b2tcjrG1qUkSdsqEFP2dB,Sun Is Shining,Axwell /\ Ingrosso,71,More Than You Know,2017-07-28,Pop Warmup 130 BPM,53
0KsB4TwgATg88aXCMBoO3Y,Breathe,Jax Jones,65,Breathe,2017-12-01,Pop Warmup 130 BPM,30
23L5CiUhw2jV1OIMwthR3S,In the Name of Love,Martin Garrix,80,In the Name of Love,2016-07-29,Pop Warmup 130 BPM,07
3OEF72iu0qSN75kiw0qP1o,Pure Gold,oomiee,1,KEEN: Workout Vol. 1,2017-09-01,Pop Warmup 130 BPM,87
4zdQmfTLWgGd5mAX4MUIaX,Turning Up,ARASHI,67,Turning Up,2019-11-03,Dance Pop: Japan,33
5KVxCdOVauTncDKgK426XN,Winter Hitori feat. ASOBOiSM,Shinn Yamada,28,Winter Hitori feat. ASOBOiSM,2019-12-11,Dance Pop: Japan,57
4suDPyEfKYtqDR2OGblbTi,9と4分の3番線で君を待つ (Run Away) - Japanese Ver.,TOMORROW X TOGETHER,48,MAGIC HOUR,2020-01-14,Dance Pop: Japan,67
7tegFBOVAZADytMG3YIR9o,Nobody Knows,Hiroomi Tosaka,39,Who Are You?,2020-01-08,Dance Pop: Japan,33
1eIl9qFUGihchPAfSF258T,One in a Million -奇跡の夜に-,GENERATIONS from EXILE TRIBE,60,SHONEN CHRONICLE,2019-11-21,Dance Pop: Japan,32
71jxHnEfeDyolLb6Kr2DdS,別世界,E-girls,29,別世界,2020-01-29,Dance Pop: Japan,82
4eycOo0qKubeGx3g29dcHZ,Gimme GImme,iamSHUM,21,Gimme GImme,2019-12-11,Dance Pop: Japan,43
0xTWI6HrzKHJ6LK11f8jGO,御伽の街,DAOKO,40,御伽の街,2020-01-15,Dance Pop: Japan,47
07uivRw9i8NFjQbxZQu6g7,ボイスメモ No. 5,CHANMINA,37,ボイスメモ No. 5,2020-01-17,Dance Pop: Japan,40
1QNoGbedAra3cbGcQAwBRQ,Now & Forever (feat. SONPUB & 向井太一),香取慎吾,38,20200101,2020-01-01,Dance Pop: Japan,40
3gMJMSrU2QETbsILNuybIh,Make A Move - Pt. 2,EMMA WAHLIN,17,Make A Move (Pt. 2),2020-01-17,Dance Pop: Japan,00
6EfsZW2pPBBDkiBMTGglEi,光線,Ghost like girlfriend,30,光線,2020-01-15,Dance Pop: Japan,33
1gdrNesoUadTXNdVaKS2t3,ZONE OF GOLD,Ryuji Imaichi,31,ZONE OF GOLD,2020-01-15,Dance Pop: Japan,33
0j6HZwmFLvxSoYUrg29IgP,LOVE + PARTY,CREAM,37,LOVE + PARTY,2019-12-25,Dance Pop: Japan,53
2MbrVxNKpsg0bu9LMlPiri,WAKE ME UP,THE RAMPAGE from EXILE TRIBE,35,FULLMETAL TRIGGER,2020-01-15,Dance Pop: Japan,00
2gApWgkuisXedOcS9Tligs,New Page,INTERSECTION,49,New Page,2020-01-08,Dance Pop: Japan,04
5Zjge6yCThuBMdnJdOBp9A,Easy Breezy,chelmico,42,Easy Breezy,2020-01-17,Dance Pop: Japan,76
34S5Vg3Jxqtjb3dosDWHpH,TOTSUKA feat. サイプレス上野,ASOBOiSM,23,TOTSUKA feat. サイプレス上野,2020-01-17,Dance Pop: Japan,12
2qpuYv59RVgLKcA0DPl9Tt,taste,FlowBack,34,taste,2019-12-11,Dance Pop: Japan,20
1SV5ys0BGnN6aEsbS7prwt,I don’t wanna do,SARM,27,I don’t wanna do,2020-01-12,Dance Pop: Japan,61
3t5I7uoAOyRtzkAVaHgmfL,A-RA-SHI:Reborn,ARASHI,60,A-RA-SHI : Reborn,2019-12-20,Dance Pop: Japan,28
1g89JASxN75856KEYGmZTt,Light,SIRUP,53,Light,2019-11-22,Dance Pop: Japan,71
56FtGMGdOoONvc0XpP4Bm6,Night Ship,Yo-Sea,30,Night Ship,2020-01-15,Dance Pop: Japan,27
0HGSn0eFH5LF1MWdE9FOUC,Fly me 2,eill,41,SPOTLIGHT,2019-11-06,Dance Pop: Japan,00
2WSYYbEdxtGGo0VVP4jNjb,Not Enough,Rei Yasuda,29,Asymmetry,2019-11-27,Dance Pop: Japan,87
3fzCO5mdnxKvxOT03Ao0RI,COLORLESS,Daichi Miura,54,COLORLESS,2019-12-04,Dance Pop: Japan,67
7Bh4dzYrbYtXbbuvK8M8yE,New Shoes - feat.Shun Murakami,phai,21,New Shoes (feat.Shun Murakami),2020-01-15,Dance Pop: Japan,32
6nfiboYmeoHMxPU05yEQvg,MarudeSaturday Night,BABY-T,21,MarudeSaturday Night,2019-12-02,Dance Pop: Japan,18
4ccp9ytoMerEU0967Okhu6,FUTARI x PARTY,CREAM,40,FUTARI x PARTY,2019-11-27,Dance Pop: Japan,35
6cAaLUV2fc1b3Qpgc0z3k2,SUPERSTAR,真之介,26,SUPERSTAR,2020-01-08,Dance Pop: Japan,17
6dKOpmTOzAVnaHqq7hqkJa,Be on the Stage,KEITA,26,Be on the Stage,2019-12-18,Dance Pop: Japan,73
1HDrG1CAVROV1BclXs400N,space shuttle,空音,36,space shuttle,2019-11-20,Dance Pop: Japan,33
74P2i9IIx0nkki1GVQqx3R,Amazing!,Sakurako Ohara,32,Amazing!,2020-01-15,Dance Pop: Japan,40
3CLKvDKiVgbgfWj3fyyibl,TO-KE-TE,HAN-KUN,34,TO-KE-TE,2019-12-16,Dance Pop: Japan,27
00bc7A2CLjp40XNd6ZPZNa,JAM fo'freedom (SASUKE Remix),RUN THE FLOOR,21,THE 4CE,2020-01-15,Dance Pop: Japan,47
7Gb3OZFw2IiNk08fSN7MrR,You're the Reason - English ver.,INTERSECTION,36,You're the Reason (English ver.),2019-12-25,Dance Pop: Japan,68
5SubtShpNoLYiVG4oLSpOG,Made In JPN,DEAN FUJIOKA,36,Shelly,2019-12-11,Dance Pop: Japan,34
5VBMFkU9emR1HDLPoXuOUQ,See You Later,Chocoholic,42,See You Later,2019-11-20,Dance Pop: Japan,12
0S1lconF5qUvqUrovZDmSA,Possible,片寄涼太,49,Possible,2020-01-07,Dance Pop: Japan,00
5QOg6uut1ybakHajEfBL8K,All Over You,Boys Get Hurt,12,All Over You,2019-12-23,Dance Pop: Japan,11
7auKfEOsSVCeYHn2pOu6uY,Where Would You Go?,SkyLogic,16,Where Would You Go?,2019-12-14,Dance Pop: Japan,33
64XUlDULbJtK6xDL4mEB0Q,Call My Name - Remix,YUTO,27,Call My Name (Remix),2019-10-26,Dance Pop: Japan,23
0FVUs7Kb4KKl3vsssgZCud,DAYZ,AAAMYYY,44,DAYZ,2019-11-13,Dance Pop: Japan,76
0lHYQoSwhIKqUjUsbQygyl,Simple Things,HarukiD,21,Simple Things,2020-01-12,Dance Pop: Japan,88
0azhsizFhBepOGgcQ3EKaL,SUN DAY - Shinichi Osawa Remix,HIRAIDAI,41,SUN DAY (Shinichi Osawa Remix),2019-11-17,Dance Pop: Japan,35
3b1TJu58AWEiGvnUwDdhag,SPOTLIGHT,eill,44,SPOTLIGHT,2019-11-06,Dance Pop: Japan,87
2TFJVb9LL54V5W53qGWDSv,let me know,blanchehor,39,let me know,2019-11-09,Dance Pop: Japan,31
7EdnZLYzleCTG6eVJnZbR8,Y.E.S,KEITA,21,Y.E.S,2019-11-20,Dance Pop: Japan,00
1JSkwWA4e3OXlnOEcn0MXf,Rich&Famous - feat. Sean Paul,Kumi Koda,35,re(CORD),2019-11-13,Dance Pop: Japan,87
1RJPz4eFFP7N6VVKMYUS7O,ミズノナカヘ - Car TAX remix,yu-re:meu,16,Unstable Unstoppable,2020-01-11,Dance Pop: Japan,71
6GvK5IObiZJs4PyTFJTELk,EASY LOVE,Gear 2nd,27,EASY LOVE,2019-10-30,Dance Pop: Japan,73
0qnp1W6FnL9qoadgaQdsT8,PARADE,Miliyah,37,PARADE,2019-10-26,Dance Pop: Japan,87
3pzrOuq7Zn1WlL1qes8I57,Obsession,広瀬大地,30,Obsession,2019-10-23,Dance Pop: Japan,32
4vid1h1wAzoZoEKJVXoUgB,Shine,DJ PIGER,35,Shine,2019-10-16,Dance Pop: Japan,13
34Yb5ldkgXMieDcFIRQPdh,Upside Down,RYPPHYPE,26,Upside Down,2019-11-20,Dance Pop: Japan,30
7MsgiyWoerebFF0zaahmCr,B.S.G.S.,sooogood!,30,B.S.G.S.,2019-11-20,Dance Pop: Japan,73
4EyjvMJ6llJ5stWDlwo8v6,Bitten By You,Monkey Majik,40,Bitten By You,2019-10-23,Dance Pop: Japan,27
5L3FE4WEDdQ0xZYVdN7uvE,For Me,WAPLAN,31,For Me,2019-10-30,Dance Pop: Japan,00
63f9E8ZTvtcEdqZKHj5Vzv,Sway,AATA,27,BLUE MOMENT,2019-12-11,Dance Pop: Japan,64
2KJPYFHskvDeuAZ1sbbBys,Nobody,Beverly,31,INFINITY,2019-12-04,Dance Pop: Japan,47
5uHl2eYaITSX6xEX8bmaXy,Adios,EVERGLOW,74,HUSH,2019-08-19,K-Party Dance Mix,47
1PNb8pRsZGa8XN1m5nJe70,Dumb,BVNDIT,59,BE!,2019-11-05,K-Party Dance Mix,03
3v5BOhyPrVQN7PYE6JnY7j,THURSDAY,GOT7,63,Call My Name,2019-11-04,K-Party Dance Mix,78
7JCi89HGiURxFpr6NITY7q,Snapping,CHUNG HA,73,Flourishing,2019-06-24,K-Party Dance Mix,64
6k67RdkVjTZj79c1cRz7IQ,WONDERLAND,ATEEZ,72,TREASURE EP.FIN: All To Action,2019-10-08,K-Party Dance Mix,13
7b8YOVV5quZcSKEijDgyWB,DDU-DU DDU-DU,BLACKPINK,68,SQUARE UP,2018-06-15,K-Party Dance Mix,55
1Jr8RbuOnvMHsMHcWgZ9Do,Like always,X1,58,QUANTUM LEAP,2019-08-27,K-Party Dance Mix,93
3IdPtyJHB1WVPM4eCiCAKM,Answer,ATEEZ,72,TREASURE EPILOGUE : Action To Answer,2020-01-06,K-Party Dance Mix,60
42tFTth2jcF7iSo0RBjfJF,피카부 Peek-A-Boo,Red Velvet,70,Perfect Velvet - The 2nd Album,2017-11-17,K-Party Dance Mix,50
1UThkKR8w3WnA6lWCRhOJn,DRIP,HINAPIA,59,New Start,2019-11-03,K-Party Dance Mix,65
5WrEilrRI5cIW0DxMvQYPZ,Jopping,SuperM,75,SuperM - The 1st Mini Album,2019-10-04,K-Party Dance Mix,93
24nK8tW7Pt3Inh2utttuoG,HIP,Mamamoo,81,reality in BLACK,2019-11-14,K-Party Dance Mix,07
3BPoSr2pO34Aan6alFfVto,BBoom BBoom,MOMOLAND,70,GREAT!,2018-01-03,K-Party Dance Mix,63
00emjlCv9azBN0fzuuyLqy,Dumb Litty,KARD,65,KARD 2nd Digital Single ‘Dumb Litty’,2019-09-22,K-Party Dance Mix,60
5sbooPcNgIE22DwO0VNGUJ,POP/STARS,K/DA,75,POP/STARS,2018-11-03,K-Party Dance Mix,00
06mzeP9GQNSHWd1Nh2C5FM,MIDDLE OF THE NIGHT,Monsta X,69,MIDDLE OF THE NIGHT,2019-12-06,K-Party Dance Mix,13
5KawlOMHjWeUjQtnuRs22c,Boy With Luv (feat. Halsey),BTS,85,MAP OF THE SOUL : PERSONA,2019-04-12,K-Party Dance Mix,73
06Pvy98db25O7wlfFFFIRM,Bon Bon Chocolat,EVERGLOW,72,ARRIVAL OF EVERGLOW,2019-03-18,K-Party Dance Mix,82
6E7jAJN2e3znSHyPCdQqx8,gogobebe,Mamamoo,72,White Wind,2019-03-14,K-Party Dance Mix,56
2AIWoHr9DF6y4KALCBKWQS,IDOL,BTS,75,Love Yourself 結 'Answer',2018-08-24,K-Party Dance Mix,32
7Ed6BkggCS2KaKY5YlINaF,MIC Drop (feat. Desiigner) [Steve Aoki Remix],BTS,65,MIC Drop (feat. Desiigner) [Steve Aoki Remix],2017-11-24,K-Party Dance Mix,26
27kB4qLUCV8nZd2eOgj1Tk,KILLING ME,iKON,63,NEW KIDS : CONTINUE,2018-08-02,K-Party Dance Mix,34
7LJjWqhqK594nN7qJzLVXE,As If It's Your Last,BLACKPINK,2,As If It's Your Last,2017-06-22,K-Party Dance Mix,64
4WuKHgxdCJsaOBIh7yndty,MIROH,Stray Kids,71,Clé 1 : MIROH,2019-03-25,K-Party Dance Mix,17
3rOEipqoZpjyn8PtOMeV8k,Forever Love,YOUNGJAE,48,"O,on",2019-10-22,K-Party Dance Mix,40
0ErzcmZ2gIwX7X0xSMQPix,BOSS,NCT,68,NCT 2018 EMPATHY,2018-03-14,K-Party Dance Mix,41
2naEVOadudtXHwtZNfjMDM,Forever Young,BLACKPINK,65,SQUARE UP,2018-06-15,K-Party Dance Mix,77
5Z4aqpT39KpY8gbHoJWdou,Egotistic,Mamamoo,70,RED MOON,2018-07-16,K-Party Dance Mix,18
2U6RSyXFnDVNYoD9iUgi09,Bomb Bomb,KARD,66,KARD 1st Digital Single ‘Bomb Bomb’,2019-03-27,K-Party Dance Mix,09
5SE57ljOIUJ1ybL9U6CuBH,DNA,BTS,71,Love Yourself 承 'Her',2017-09-18,K-Party Dance Mix,23
6DIW7GJbuGZdHolRcPWprP,Roller Coaster,CHUNG HA,2,Offset,2018-01-18,K-Party Dance Mix,36
1S6zXoXhfalX2ETKo337Md,YES or YES,TWICE,7,YES or YES,2018-11-05,K-Party Dance Mix,85
1q3C6brbmRrULTyo2mseKF,FLASH,X1,69,QUANTUM LEAP,2019-08-27,K-Party Dance Mix,20
7gr57cYekMWriyJYbT7oZ4,HANN (Alone),(G)I-DLE,66,HANN (Alone),2018-08-14,K-Party Dance Mix,20
7Cd4glTUgV0vr0DBncEg8S,하드캐리 Hard Carry,GOT7,1,FLIGHT LOG : TURBULENCE,2016-09-27,K-Party Dance Mix,79
7w3mCZJZbfXzNebD5vktMI,ME,CLC,64,ME,2019-05-30,K-Party Dance Mix,53
4Is1b37KJY9XVCgzp81FBW,BAAM,MOMOLAND,66,Fun to The World,2018-06-26,K-Party Dance Mix,75
3nXUfNbkv8ikaSdHwEp0oY,DDD,EXID,60,Full Moon,2017-11-08,K-Party Dance Mix,21
5MaDeMdqsPsZTxNWdEZPVH,Starry Night,Mamamoo,67,Yellow Flower,2018-03-07,K-Party Dance Mix,37
1gsb4CFzUMERAkfzAKwrZu,Siren,SUNMI,0,WARNING,2018-09-26,K-Party Dance Mix,52
0xHgclG2TeqIzB8N3Wb5rP,HIT,SEVENTEEN,66,HIT,2019-08-05,K-Party Dance Mix,93
5gA9Xn8oPts2aewPgxVkPD,Heroine,SUNMI,62,Heroine,2018-01-18,K-Party Dance Mix,00
3NxuezMdSLgt4OwHzBoUhL,Way Back Home,SHAUN,66,Take,2018-06-27,K-Party Dance Mix,37
5unCIQfJLMtcsiU6MP5zmB,I’m So Hot,MOMOLAND,61,Show Me,2019-03-20,K-Party Dance Mix,43
0dSE54vYYvRNWzVTxE2xTL,Me & You,EXID,61,WE,2019-05-15,K-Party Dance Mix,07
3sygLAUhHsJsQ0cBk6fxRd,No,CLC,61,No.1,2019-01-30,K-Party Dance Mix,76
1LShDXXs40R8bQFNBBupI3,PICK ME,PRODUCE 48,58,PRODUCE 48 - NEKKOYA (PICK ME),2018-05-10,K-Party Dance Mix,23
0aLG42zaidNkblhiQgJknP,WANT,TAEMIN,63,WANT - The 2nd Mini Album,2019-02-11,K-Party Dance Mix,68
7qDbAc6xMW07T7yyMnQqS8,Fever,GFRIEND,67,GFRIEND The 7th Mini Album `FEVER SEASON`,2019-07-01,K-Party Dance Mix,93
4lt4QTuoYOEEOhrNDZJ1o8,Room Shaker,Ailee,57,butterFLY,2019-07-02,K-Party Dance Mix,27
381g0b6QZxC13SzA2HRMIc,Power Up,Red Velvet,65,Summer Magic - Summer Mini Album,2018-08-06,K-Party Dance Mix,40
6sWd8ZAH5bWWyjwb7ZV2Zb,LALALAY 날라리,SUNMI,70,LALALAY 날라리,2019-08-27,K-Party Dance Mix,80
1IzuuPDzqh3dfKxilHbGYU,8282(Party),twlv,40,8282(Party),2019-08-04,K-Party Dance Mix,93
4knqZHNHlEBBEmfETcpTyr,D.D.D,THE BOYZ,55,DREAMLIKE,2019-08-19,K-Party Dance Mix,63
0dHWWPN5XGWotUnM57QQZK,Not That Type,gugudan,54,Act.5 New Action,2018-11-06,K-Party Dance Mix,94
0m3W71Oliiv3gQWXi2YAmJ,Humph!,PENTAGON,63,SUM(ME:R),2019-07-17,K-Party Dance Mix,13
0gxkqxGiLg1ylKzgToCcHY,Play It Cool,Monsta X,56,Take.2 We Are Here.,2019-02-18,K-Party Dance Mix,99
2WDhYlm5gBepkMZHBk0LN7,AH YEAH,WINNER,60,WE,2019-05-15,K-Party Dance Mix,06
3eOrrreH5zbp4xpfiFqy2D,SHA LA LA,PENTAGON,56,Genie:us,2019-03-27,K-Party Dance Mix,04
4tYLk5axtAxynbehhU4uJn,SUNDAY,FANATICS,42,THE SIX,2019-08-06,K-Party Dance Mix,18
7yT71nE6bb9vzdYz78iITu,BEEP BEEP,RUANN,45,BEEP BEEP,2019-07-31,K-Party Dance Mix,27
63BGyvr6NuhA0q5NimghaG,The Only (feat. IRENE of Red Velvet),Raiden,54,The Only (feat. IRENE of Red Velvet),2019-08-02,K-Party Dance Mix,18
1ZtG48NtqQdyN1AnXiiYL0,Break the Distance,ELYAZ,30,Break the Distance,2018-07-06,Dance Pop,39
